{"loss_data": [2.6511847972869873, 2.0002646446228027, 1.7380412817001343, 1.3915748596191406, 1.0851207971572876, 0.8277739882469177, 0.6683779954910278, 0.5509010553359985, 0.45162129402160645, 0.3619127571582794, 0.29951363801956177, 0.24531105160713196, 0.22671835124492645, 0.18779927492141724, 0.16145537793636322, 0.12759363651275635, 0.11294422298669815, 0.10358842462301254, 0.09435474127531052, 0.07378960400819778, 0.06485336273908615, 0.06605042517185211, 0.05920543521642685, 0.06348171830177307, 0.05132606253027916, 0.044023577123880386, 0.04184991866350174, 0.04585050046443939, 0.03852235898375511, 0.0297757126390934, 0.02828199416399002, 0.03115588054060936, 0.031551461666822433, 0.024162601679563522, 0.021320663392543793, 0.0233171246945858, 0.018108146265149117, 0.02105296403169632, 0.02647225745022297, 0.0188584104180336, 0.01775827817618847, 0.023515140637755394], "train_accs": [1.0, 1.0], "dev_accs": [1.0, 1.0], "test_accs": [1.0, 1.0]}