{"loss_data": [2.064865827560425, 1.6072988510131836, 1.2565325498580933, 1.0228009223937988, 0.8128578066825867, 0.6267784833908081, 0.5533508062362671, 0.4523845911026001, 0.36663225293159485, 0.32707348465919495, 0.24628262221813202, 0.21673206984996796, 0.1905796080827713, 0.15896360576152802, 0.14816249907016754, 0.12309145927429199, 0.10504627227783203, 0.09669013321399689, 0.07023514807224274, 0.07580482959747314, 0.06857363134622574, 0.05688243731856346, 0.05149958282709122, 0.046659279614686966, 0.054059214890003204, 0.05296441912651062, 0.03592507541179657, 0.045355457812547684, 0.039275459945201874, 0.048550285398960114, 0.02559131570160389, 0.032176051288843155, 0.032102689146995544, 0.022493749856948853, 0.019389919936656952, 0.02093421295285225, 0.019086241722106934, 0.02051764912903309], "train_accs": [1.0, 1.0], "dev_accs": [1.0, 1.0], "test_accs": [0.25006488450558007, 0.4636646768751622]}