{"loss_data": [2.4031741619110107, 1.8303254842758179, 1.5609334707260132, 1.2284549474716187, 1.0605171918869019, 0.8980644941329956, 0.7571573853492737, 0.6020368933677673, 0.466344952583313, 0.4010162353515625, 0.32584676146507263, 0.2647706866264343, 0.2259664386510849, 0.1870122104883194, 0.15527424216270447, 0.13832344114780426, 0.11417429149150848, 0.10520534962415695, 0.08797001093626022, 0.07691021263599396, 0.05924845486879349, 0.06420956552028656, 0.05559699982404709, 0.050675176084041595, 0.04552613943815231, 0.05697490647435188, 0.03705428168177605, 0.04058059677481651, 0.03392639756202698, 0.03044457547366619, 0.030159667134284973, 0.0349547304213047, 0.027126358821988106, 0.022692810744047165, 0.019968001171946526, 0.019178481772542, 0.020507046952843666, 0.020896095782518387, 0.02015823684632778, 0.013539252802729607, 0.014484219253063202, 0.014399969018995762], "train_accs": [1.0, 1.0], "dev_accs": [1.0, 1.0], "test_accs": [1.0, 1.0]}