{"loss_data": [2.252073287963867, 1.757886528968811, 1.4534353017807007, 1.131196141242981, 0.9007332921028137, 0.7570028901100159, 0.5915092825889587, 0.4941607713699341, 0.3910578787326813, 0.31163567304611206, 0.27281656861305237, 0.23881368339061737, 0.2001705765724182, 0.1475704461336136, 0.13531015813350677, 0.11415494978427887, 0.10188861191272736, 0.08954047411680222, 0.07760010659694672, 0.07825221866369247, 0.05560901388525963, 0.05477168783545494, 0.04968804866075516, 0.037083499133586884, 0.04689904674887657, 0.03208746388554573, 0.030028412118554115, 0.039285074919462204, 0.04353741556406021, 0.032810624688863754, 0.02177068218588829, 0.03089325688779354, 0.02482699230313301, 0.025374380871653557, 0.01867041550576687, 0.026902297511696815, 0.022829627618193626, 0.01531553827226162, 0.014977235347032547, 0.017203403636813164, 0.01314613502472639, 0.015367113053798676], "train_accs": [1.0, 1.0], "dev_accs": [1.0, 1.0], "test_accs": [1.0, 1.0]}