{"loss_data": [2.41776442527771, 1.7346211671829224, 1.4232670068740845, 1.2166657447814941, 0.9086257219314575, 0.7562222480773926, 0.5824361443519592, 0.5329298377037048, 0.42850711941719055, 0.37851691246032715, 0.30599406361579895, 0.2468479871749878, 0.20107188820838928, 0.16514040529727936, 0.16465969383716583, 0.12359223514795303, 0.12403107434511185, 0.10837581008672714, 0.09839528053998947, 0.0812375396490097, 0.0856214165687561, 0.07436541467905045, 0.055332500487565994, 0.061017442494630814, 0.05592448636889458, 0.04465118795633316, 0.04053884744644165, 0.04152902215719223, 0.04746069759130478, 0.036043088883161545, 0.02878357283771038, 0.03056868351995945, 0.03519892320036888, 0.0267513245344162, 0.023009762167930603, 0.019644103944301605, 0.016719400882720947, 0.01770247146487236], "train_accs": [1.0, 1.0], "dev_accs": [0.9062713019768235, 1.0], "test_accs": [0.0, 0.12159356345704646]}