{"loss_data": [2.319751024246216, 1.726747989654541, 1.4235419034957886, 1.167679786682129, 0.948354959487915, 0.7323395609855652, 0.6708349585533142, 0.49300843477249146, 0.4132314622402191, 0.35901370644569397, 0.28415200114250183, 0.22525759041309357, 0.21213921904563904, 0.16105657815933228, 0.14757172763347626, 0.12522567808628082, 0.11816009879112244, 0.08914703130722046, 0.10477688163518906, 0.0767074003815651, 0.08023904263973236, 0.06806258112192154, 0.055808696895837784, 0.055030710995197296, 0.07012393325567245, 0.05763690918684006, 0.04627949744462967, 0.05948576331138611, 0.04741533473134041, 0.04412238672375679, 0.03675978630781174, 0.03171534463763237, 0.031118588522076607, 0.02511623129248619, 0.028586629778146744, 0.028459493070840836, 0.0219632126390934, 0.023101652041077614], "train_accs": [1.0, 1.0], "dev_accs": [0.912747102931152, 1.0], "test_accs": [0.0, 0.04840384116273034]}