{"loss_data": [2.4128212928771973, 1.637907862663269, 1.336206078529358, 1.0872220993041992, 0.8627246618270874, 0.6999751925468445, 0.5957701802253723, 0.48431482911109924, 0.3910703957080841, 0.3079339861869812, 0.27339208126068115, 0.2149367481470108, 0.1827865093946457, 0.15878351032733917, 0.1476907879114151, 0.10584110766649246, 0.11188703775405884, 0.09578388184309006, 0.08572490513324738, 0.0738215446472168, 0.08690523356199265, 0.05645863339304924, 0.05409229174256325, 0.04908984154462814, 0.058738868683576584, 0.040675461292266846, 0.0396207794547081, 0.03705484792590141, 0.04008548706769943, 0.03128845617175102, 0.02589886449277401, 0.028972376137971878, 0.02142462134361267, 0.024719377979636192, 0.021804627031087875, 0.029181472957134247, 0.016782114282250404, 0.02048940770328045], "train_accs": [1.0, 1.0], "dev_accs": [0.912747102931152, 1.0], "test_accs": [0.00012976901116013495, 0.04905268621853102]}