{"loss_data": [2.402992010116577, 1.8490103483200073, 1.49916410446167, 1.1151576042175293, 0.9571115970611572, 0.7913212180137634, 0.6830546259880066, 0.49110087752342224, 0.4008580148220062, 0.3510614335536957, 0.27739205956459045, 0.24655847251415253, 0.22610962390899658, 0.17455650866031647, 0.1526566594839096, 0.13183176517486572, 0.10994281619787216, 0.09785129129886627, 0.08731947839260101, 0.09101834148168564, 0.07222247868776321, 0.06698861718177795, 0.05847465991973877, 0.047308292239904404, 0.04710503667593002, 0.04519648849964142, 0.05460100993514061, 0.03414583206176758, 0.03880852088332176, 0.042116161435842514, 0.027184389531612396, 0.02596513368189335, 0.03319158777594566, 0.02411017008125782, 0.023631492629647255, 0.025340663269162178, 0.01926203817129135, 0.024868998676538467, 0.02291793003678322, 0.015423355624079704, 0.020814772695302963, 0.01731478050351143], "train_accs": [0.9994769483673317, 1.0], "dev_accs": [1.0, 1.0], "test_accs": [0.9997608799617408, 1.0]}