{"loss_data": [2.3916471004486084, 1.8022212982177734, 1.5356861352920532, 1.1673794984817505, 0.9817144870758057, 0.8274173736572266, 0.701494038105011, 0.5770083069801331, 0.4584978520870209, 0.3657539188861847, 0.3205537497997284, 0.27402475476264954, 0.2184840738773346, 0.18080797791481018, 0.15537403523921967, 0.13574685156345367, 0.11111228168010712, 0.10285952687263489, 0.09431453049182892, 0.0762675553560257, 0.06956978142261505, 0.0654018446803093, 0.055114224553108215, 0.050844088196754456, 0.04167747497558594, 0.04598020389676094, 0.04396006464958191, 0.03545387089252472, 0.036624763160943985, 0.035251542925834656, 0.029061658307909966, 0.028535502031445503, 0.026030968874692917, 0.02256888337433338, 0.021859999746084213, 0.019320068880915642, 0.02912662923336029, 0.017962178215384483, 0.030286263674497604, 0.01592622883617878, 0.023913932964205742, 0.01366889663040638], "train_accs": [1.0, 1.0], "dev_accs": [1.0, 1.0], "test_accs": [1.0, 1.0]}