{"loss_data": [2.661597967147827, 2.0748860836029053, 1.769843339920044, 1.4577476978302002, 1.1315585374832153, 0.9537101984024048, 0.8361955881118774, 0.6559094786643982, 0.5147557258605957, 0.4337005913257599, 0.3377636671066284, 0.2845534682273865, 0.26394546031951904, 0.20062558352947235, 0.1847286820411682, 0.13999953866004944, 0.1408708393573761, 0.14539512991905212, 0.10521473735570908, 0.1097467914223671, 0.09870675206184387, 0.084160715341568, 0.0732671320438385, 0.06577865779399872, 0.06839411705732346, 0.05324249342083931, 0.05206702649593353, 0.04843484237790108, 0.04409610107541084, 0.04173191264271736, 0.04696120694279671, 0.02915188856422901, 0.03356010466814041, 0.03228544071316719, 0.03318453207612038, 0.028219284489750862, 0.02563556469976902, 0.024478131905198097], "train_accs": [1.0, 1.0], "dev_accs": [0.912747102931152, 1.0], "test_accs": [0.0010381520892810796, 0.08564754736568907]}