{"loss_data": [2.6462221145629883, 1.898208498954773, 1.5463393926620483, 1.2651586532592773, 1.0534088611602783, 0.8656338453292847, 0.6817930936813354, 0.5347034931182861, 0.43501824140548706, 0.3528737723827362, 0.31728681921958923, 0.2567838132381439, 0.20165598392486572, 0.1868358552455902, 0.14401374757289886, 0.129264235496521, 0.11136440932750702, 0.09874443709850311, 0.09112000465393066, 0.08355926722288132, 0.06486046314239502, 0.06257309764623642, 0.05693451315164566, 0.05356170982122421, 0.048033758997917175, 0.039257463067770004, 0.0428924523293972, 0.048131756484508514, 0.03693598136305809, 0.034929439425468445, 0.027481479570269585, 0.0278309416025877, 0.025201061740517616, 0.02308591827750206, 0.021772067993879318, 0.020418236032128334, 0.01740170828998089, 0.01647857576608658, 0.01621774025261402, 0.020292192697525024, 0.017882658168673515, 0.016735350713133812], "train_accs": [1.0, 1.0], "dev_accs": [1.0, 1.0], "test_accs": [1.0, 1.0]}