{"loss_data": [2.262916088104248, 1.8171783685684204, 1.4602653980255127, 1.142472267150879, 0.9296887516975403, 0.7736577391624451, 0.630398154258728, 0.5064267516136169, 0.3933807611465454, 0.3052631914615631, 0.26823729276657104, 0.23125059902668, 0.19614189863204956, 0.16744188964366913, 0.13001437485218048, 0.1222427487373352, 0.11146833747625351, 0.08841869235038757, 0.09064996987581253, 0.06897235661745071, 0.05677248537540436, 0.05961914360523224, 0.050902727991342545, 0.047320473939180374, 0.044184472411870956, 0.046042315661907196, 0.05236203223466873, 0.04511505737900734, 0.033661458641290665, 0.028409957885742188, 0.024316856637597084, 0.026907913386821747, 0.02468458004295826, 0.01836477965116501, 0.020735343918204308, 0.019593318924307823, 0.024646559730172157, 0.017850587144494057, 0.027107205241918564, 0.014402005821466446, 0.017069412395358086, 0.012926236726343632], "train_accs": [1.0, 1.0], "dev_accs": [1.0, 1.0], "test_accs": [1.0, 1.0]}