{"loss_data": [2.629992723464966, 1.968860387802124, 1.6525394916534424, 1.4097429513931274, 1.1614500284194946, 0.9648386836051941, 0.8792731761932373, 0.723993718624115, 0.5781732797622681, 0.48919105529785156, 0.37663009762763977, 0.33734026551246643, 0.30138182640075684, 0.24350453913211823, 0.2142324149608612, 0.16473236680030823, 0.16397975385189056, 0.12964628636837006, 0.1310599148273468, 0.12300217151641846, 0.11215543746948242, 0.09356695413589478, 0.07529588043689728, 0.06884361803531647, 0.06998977810144424, 0.06305212527513504, 0.04692882299423218, 0.045430250465869904, 0.052845295518636703, 0.05054883286356926, 0.038855694234371185, 0.03719519078731537, 0.031601883471012115, 0.03471643477678299, 0.03245608136057854, 0.027518227696418762, 0.02507859840989113, 0.02311519719660282], "train_accs": [1.0, 1.0], "dev_accs": [1.0, 1.0], "test_accs": [0.0, 0.00012976901116013495]}