{"loss_data": [2.337918996810913, 1.5928101539611816, 1.2812377214431763, 0.9691192507743835, 0.8125553131103516, 0.7171462178230286, 0.6167774796485901, 0.4781835079193115, 0.38103941082954407, 0.3243161737918854, 0.2512351870536804, 0.24829714000225067, 0.18638335168361664, 0.15503814816474915, 0.1268327683210373, 0.12089257687330246, 0.1007959246635437, 0.10318800061941147, 0.09457768499851227, 0.08220329880714417, 0.06251140683889389, 0.060318153351545334, 0.04635610803961754, 0.04653770104050636, 0.04527585580945015, 0.042076900601387024, 0.03436249494552612, 0.03241953253746033, 0.033503737300634384, 0.03180723637342453, 0.02495846338570118, 0.025346821174025536, 0.03534060716629028, 0.020954715088009834, 0.022416315972805023, 0.02172870934009552, 0.019915258511900902, 0.016706502065062523, 0.01982949860394001, 0.020851336419582367, 0.015998348593711853, 0.029002556577324867], "train_accs": [0.9992527833819024, 1.0], "dev_accs": [0.9985052316890882, 0.9997010463378176], "test_accs": [0.9978479196556671, 0.9997608799617408]}