{"loss_data": [2.534796953201294, 2.0366508960723877, 1.6459531784057617, 1.3278967142105103, 1.1112693548202515, 1.0069712400436401, 0.8042253255844116, 0.6790521144866943, 0.5755274295806885, 0.4712940752506256, 0.44821983575820923, 0.3329216539859772, 0.3182123303413391, 0.25249773263931274, 0.2315562665462494, 0.19599689543247223, 0.1478409469127655, 0.13466835021972656, 0.11788298189640045, 0.11323957145214081, 0.08875145763158798, 0.08778051286935806, 0.06464686244726181, 0.06998258829116821, 0.05086914822459221, 0.058620333671569824, 0.04196091741323471, 0.043157223612070084, 0.04643622785806656, 0.038658492267131805, 0.03359375149011612, 0.0293330866843462, 0.03055880032479763, 0.027683012187480927, 0.01992027647793293, 0.022820226848125458, 0.03006446734070778, 0.017461339011788368, 0.024356098845601082, 0.01848633959889412, 0.01470109261572361, 0.01824394054710865], "train_accs": [1.0, 1.0], "dev_accs": [1.0, 1.0], "test_accs": [0.9997608799617408, 1.0]}