{"loss_data": [2.4738025665283203, 1.843519687652588, 1.5025984048843384, 1.2132724523544312, 0.9730444550514221, 0.799065113067627, 0.7418057322502136, 0.5200199484825134, 0.4517250955104828, 0.36616194248199463, 0.31157830357551575, 0.259922593832016, 0.24512836337089539, 0.18069958686828613, 0.1924843043088913, 0.15196016430854797, 0.12613976001739502, 0.12988153100013733, 0.10283657163381577, 0.09312290698289871, 0.10194896906614304, 0.08384166657924652, 0.0702361911535263, 0.06844683736562729, 0.07497914880514145, 0.0604136660695076, 0.04994631186127663, 0.05786838382482529, 0.06532703340053558, 0.04149288311600685, 0.03651174157857895, 0.0407128743827343, 0.0333421491086483, 0.0267852321267128, 0.02685897797346115, 0.029809096828103065, 0.035732902586460114, 0.022002123296260834], "train_accs": [1.0, 1.0], "dev_accs": [1.0, 1.0], "test_accs": [0.0003893070334804049, 0.004931222424085129]}