{"loss_data": [2.5553810596466064, 1.9483160972595215, 1.6890003681182861, 1.3603723049163818, 1.0452728271484375, 0.8055458664894104, 0.6712418794631958, 0.5073965191841125, 0.4030211865901947, 0.33774563670158386, 0.27553024888038635, 0.22197656333446503, 0.21583278477191925, 0.17097988724708557, 0.1373576670885086, 0.12197306752204895, 0.10908769071102142, 0.08837372809648514, 0.09746095538139343, 0.08873256295919418, 0.06813362240791321, 0.06213243305683136, 0.05619288608431816, 0.051874782890081406, 0.06516792625188828, 0.04864733666181564, 0.04045464098453522, 0.04421998932957649, 0.04585748165845871, 0.03341326117515564, 0.0271674245595932, 0.025534402579069138, 0.027334116399288177, 0.02516523189842701, 0.025128431618213654, 0.0241981353610754, 0.021922195330262184, 0.018885232508182526], "train_accs": [1.0, 1.0], "dev_accs": [1.0, 1.0], "test_accs": [0.37165844796262654, 0.6667531793407734]}