{"loss_data": [2.545536756515503, 1.8632885217666626, 1.5602145195007324, 1.2543407678604126, 1.0152170658111572, 0.7381906509399414, 0.6299262046813965, 0.5093205571174622, 0.4080197513103485, 0.3196934163570404, 0.2426406890153885, 0.22427792847156525, 0.1855325996875763, 0.1574988067150116, 0.14210504293441772, 0.1280493140220642, 0.10971434414386749, 0.08577161282300949, 0.0955914705991745, 0.07677685469388962, 0.0722426027059555, 0.060224756598472595, 0.05913648381829262, 0.05164152383804321, 0.05956737697124481, 0.04220684990286827, 0.03567059710621834, 0.038517214357852936, 0.05645717307925224, 0.034736186265945435, 0.03151281923055649, 0.02540646865963936, 0.03750333935022354, 0.021807003766298294, 0.02456902153789997, 0.022594396024942398, 0.022077985107898712, 0.023222891613841057], "train_accs": [1.0, 1.0], "dev_accs": [1.0, 1.0], "test_accs": [0.018427199584739165, 0.08876200363353232]}