{"loss_data": [2.360762596130371, 1.787442684173584, 1.4916070699691772, 1.2237764596939087, 0.9461653232574463, 0.7769722938537598, 0.6767106056213379, 0.5056886076927185, 0.43652546405792236, 0.3519672453403473, 0.28953731060028076, 0.23925192654132843, 0.2267903983592987, 0.18043749034404755, 0.16327495872974396, 0.12174255400896072, 0.11764461547136307, 0.11471253633499146, 0.09684531390666962, 0.08365525305271149, 0.07818440347909927, 0.07226691395044327, 0.07563983649015427, 0.06195810064673424, 0.06357799470424652, 0.05738744139671326, 0.06028451398015022, 0.04437851905822754, 0.053459491580724716, 0.03932194411754608, 0.034247174859046936, 0.03597535192966461, 0.02669333666563034, 0.0242123045027256, 0.03027283027768135, 0.02997584640979767, 0.02112242951989174, 0.03098190948367119], "train_accs": [1.0, 1.0], "dev_accs": [1.0, 1.0], "test_accs": [0.13392161951725928, 0.2831559823514145]}