{"loss_data": [2.4848265647888184, 1.90860116481781, 1.6618753671646118, 1.3134760856628418, 1.097868800163269, 0.9847906231880188, 0.8617232441902161, 0.7286953330039978, 0.5529122948646545, 0.4523847997188568, 0.3967006206512451, 0.37730205059051514, 0.32572388648986816, 0.2853391170501709, 0.22924844920635223, 0.2041333168745041, 0.17522121965885162, 0.1498580127954483, 0.1384153813123703, 0.12684698402881622, 0.09454325586557388, 0.10822068154811859, 0.09153049439191818, 0.07430439442396164, 0.05783817544579506, 0.06412383168935776, 0.056124716997146606, 0.05782901868224144, 0.046134646981954575, 0.04540323093533516, 0.041503168642520905, 0.03561978042125702, 0.04824865609407425, 0.029335586354136467, 0.030185382813215256, 0.02608722448348999, 0.0249027106910944, 0.02217395044863224, 0.02355581521987915, 0.02497725933790207, 0.019974984228610992, 0.020095812156796455], "train_accs": [0.9994022267055219, 1.0], "dev_accs": [0.9994020926756353, 1.0], "test_accs": [0.9992826398852224, 1.0]}